lsl_timestamp,ch_01
170211.74191670548,"{""marker"": ""P2_DISCONNECTED"", ""lsl_time"": 170211.7419297, ""session_id"": ""S001"", ""game_number"": 1, ""round_number"": 1, ""phase"": ""GAME_READY"", ""active_speaker"": null, ""player_id"": 2, ""value"": ""last_seen_age_sec=5.7"", ""server_time_utc"": ""2026-07-13T00:09:12.014970"", ""server_time_local"": ""2026-07-12T20:09:12.014970-04:00""}"
170211.74522650545,"{""marker"": ""P2_DISCONNECTED"", ""lsl_time"": 170211.7452395, ""session_id"": ""S001"", ""game_number"": 1, ""round_number"": 1, ""phase"": ""GAME_READY"", ""active_speaker"": null, ""player_id"": 2, ""value"": ""last_seen_age_sec=5.7"", ""server_time_utc"": ""2026-07-13T00:09:12.018493"", ""server_time_local"": ""2026-07-12T20:09:12.018493-04:00""}"
170214.752679982,"{""marker"": ""P3_DISCONNECTED"", ""lsl_time"": 170214.752693, ""session_id"": ""S001"", ""game_number"": 1, ""round_number"": 1, ""phase"": ""GAME_READY"", ""active_speaker"": null, ""player_id"": 3, ""value"": ""last_seen_age_sec=5.7"", ""server_time_utc"": ""2026-07-13T00:09:15.025002"", ""server_time_local"": ""2026-07-12T20:09:15.025002-04:00""}"
170214.75772668194,"{""marker"": ""P3_DISCONNECTED"", ""lsl_time"": 170214.7577397, ""session_id"": ""S001"", ""game_number"": 1, ""round_number"": 1, ""phase"": ""GAME_READY"", ""active_speaker"": null, ""player_id"": 3, ""value"": ""last_seen_age_sec=5.7"", ""server_time_utc"": ""2026-07-13T00:09:15.030492"", ""server_time_local"": ""2026-07-12T20:09:15.030492-04:00""}"
170216.26874627016,"{""marker"": ""P4_DISCONNECTED"", ""lsl_time"": 170216.2687593, ""session_id"": ""S001"", ""game_number"": 1, ""round_number"": 1, ""phase"": ""GAME_READY"", ""active_speaker"": null, ""player_id"": 4, ""value"": ""last_seen_age_sec=6.2"", ""server_time_utc"": ""2026-07-13T00:09:16.541255"", ""server_time_local"": ""2026-07-12T20:09:16.541255-04:00""}"
170216.27213757017,"{""marker"": ""P4_DISCONNECTED"", ""lsl_time"": 170216.2721506, ""session_id"": ""S001"", ""game_number"": 1, ""round_number"": 1, ""phase"": ""GAME_READY"", ""active_speaker"": null, ""player_id"": 4, ""value"": ""last_seen_age_sec=6.2"", ""server_time_utc"": ""2026-07-13T00:09:16.545302"", ""server_time_local"": ""2026-07-12T20:09:16.545302-04:00""}"
170217.9447808571,"{""marker"": ""G1_R1_WORD_PHASE"", ""lsl_time"": 170217.9447939, ""session_id"": ""S001"", ""game_number"": 1, ""round_number"": 1, ""phase"": ""WORD_PHASE"", ""active_speaker"": null, ""player_id"": null, ""value"": null, ""server_time_utc"": ""2026-07-13T00:09:18.217936"", ""server_time_local"": ""2026-07-12T20:09:18.217936-04:00""}"
170220.02837294084,"{""marker"": ""P2_RECONNECTED"", ""lsl_time"": 170220.028386, ""session_id"": ""S001"", ""game_number"": 1, ""round_number"": 1, ""phase"": ""WORD_PHASE"", ""active_speaker"": null, ""player_id"": 2, ""value"": ""phase=WORD_PHASE"", ""server_time_utc"": ""2026-07-13T00:09:20.301110"", ""server_time_local"": ""2026-07-12T20:09:20.301110-04:00""}"
170220.0560843406,"{""marker"": ""P3_RECONNECTED"", ""lsl_time"": 170220.0560974, ""session_id"": ""S001"", ""game_number"": 1, ""round_number"": 1, ""phase"": ""WORD_PHASE"", ""active_speaker"": null, ""player_id"": 3, ""value"": ""phase=WORD_PHASE"", ""server_time_utc"": ""2026-07-13T00:09:20.329444"", ""server_time_local"": ""2026-07-12T20:09:20.329444-04:00""}"
170220.06801704052,"{""marker"": ""P4_RECONNECTED"", ""lsl_time"": 170220.0680301, ""session_id"": ""S001"", ""game_number"": 1, ""round_number"": 1, ""phase"": ""WORD_PHASE"", ""active_speaker"": null, ""player_id"": 4, ""value"": ""phase=WORD_PHASE"", ""server_time_utc"": ""2026-07-13T00:09:20.341245"", ""server_time_local"": ""2026-07-12T20:09:20.341245-04:00""}"
170225.14741290093,"{""marker"": ""G1_R1_SPEAKER_P1"", ""lsl_time"": 170225.147426, ""session_id"": ""S001"", ""game_number"": 1, ""round_number"": 1, ""phase"": ""SPEAKER_P1"", ""active_speaker"": 1, ""player_id"": null, ""value"": null, ""server_time_utc"": ""2026-07-13T00:09:25.420329"", ""server_time_local"": ""2026-07-12T20:09:25.420329-04:00""}"
170225.15241500086,"{""marker"": ""G1_R1_SPEECH_BOUNDARY_BEEP"", ""lsl_time"": 170225.1524281, ""session_id"": ""S001"", ""game_number"": 1, ""round_number"": 1, ""phase"": ""SPEAKER_P1"", ""active_speaker"": 1, ""player_id"": 1, ""value"": ""start=P1"", ""server_time_utc"": ""2026-07-13T00:09:25.425909"", ""server_time_local"": ""2026-07-12T20:09:25.425909-04:00""}"
170225.18499500063,"{""marker"": ""P2_DISCONNECTED"", ""lsl_time"": 170225.1850081, ""session_id"": ""S001"", ""game_number"": 1, ""round_number"": 1, ""phase"": ""SPEAKER_P1"", ""active_speaker"": 1, ""player_id"": 2, ""value"": ""last_seen_age_sec=5.2"", ""server_time_utc"": ""2026-07-13T00:09:25.458410"", ""server_time_local"": ""2026-07-12T20:09:25.458410-04:00""}"
170225.18725200059,"{""marker"": ""P2_DISCONNECTED"", ""lsl_time"": 170225.1872651, ""session_id"": ""S001"", ""game_number"": 1, ""round_number"": 1, ""phase"": ""SPEAKER_P1"", ""active_speaker"": 1, ""player_id"": 2, ""value"": ""last_seen_age_sec=5.2"", ""server_time_utc"": ""2026-07-13T00:09:25.460456"", ""server_time_local"": ""2026-07-12T20:09:25.460456-04:00""}"
170225.20567810046,"{""marker"": ""P3_DISCONNECTED"", ""lsl_time"": 170225.2056912, ""session_id"": ""S001"", ""game_number"": 1, ""round_number"": 1, ""phase"": ""SPEAKER_P1"", ""active_speaker"": 1, ""player_id"": 3, ""value"": ""last_seen_age_sec=5.1"", ""server_time_utc"": ""2026-07-13T00:09:25.478325"", ""server_time_local"": ""2026-07-12T20:09:25.478325-04:00""}"
170225.2142638004,"{""marker"": ""P4_DISCONNECTED"", ""lsl_time"": 170225.2142769, ""session_id"": ""S001"", ""game_number"": 1, ""round_number"": 1, ""phase"": ""SPEAKER_P1"", ""active_speaker"": 1, ""player_id"": 4, ""value"": ""last_seen_age_sec=5.1"", ""server_time_utc"": ""2026-07-13T00:09:25.487469"", ""server_time_local"": ""2026-07-12T20:09:25.487469-04:00""}"
170225.2522373001,"{""marker"": ""P5_DISCONNECTED"", ""lsl_time"": 170225.2522504, ""session_id"": ""S001"", ""game_number"": 1, ""round_number"": 1, ""phase"": ""SPEAKER_P1"", ""active_speaker"": 1, ""player_id"": 5, ""value"": ""last_seen_age_sec=5.1"", ""server_time_utc"": ""2026-07-13T00:09:25.525371"", ""server_time_local"": ""2026-07-12T20:09:25.525371-04:00""}"
170235.11487372316,"{""marker"": ""G1_R1_SPEAKER_P2"", ""lsl_time"": 170235.1148869, ""session_id"": ""S001"", ""game_number"": 1, ""round_number"": 1, ""phase"": ""SPEAKER_P2"", ""active_speaker"": 2, ""player_id"": null, ""value"": null, ""server_time_utc"": ""2026-07-13T00:09:35.387905"", ""server_time_local"": ""2026-07-12T20:09:35.387905-04:00""}"
170235.1200090231,"{""marker"": ""G1_R1_SPEECH_BOUNDARY_BEEP"", ""lsl_time"": 170235.1200222, ""session_id"": ""S001"", ""game_number"": 1, ""round_number"": 1, ""phase"": ""SPEAKER_P2"", ""active_speaker"": 2, ""player_id"": 2, ""value"": ""start=P2"", ""server_time_utc"": ""2026-07-13T00:09:35.393437"", ""server_time_local"": ""2026-07-12T20:09:35.393437-04:00""}"
170242.2230849677,"{""marker"": ""G1_R1_SPEAKER_P3"", ""lsl_time"": 170242.2230982, ""session_id"": ""S001"", ""game_number"": 1, ""round_number"": 1, ""phase"": ""SPEAKER_P3"", ""active_speaker"": 3, ""player_id"": null, ""value"": null, ""server_time_utc"": ""2026-07-13T00:09:42.496079"", ""server_time_local"": ""2026-07-12T20:09:42.496079-04:00""}"
170242.22974106765,"{""marker"": ""G1_R1_SPEECH_BOUNDARY_BEEP"", ""lsl_time"": 170242.2297543, ""session_id"": ""S001"", ""game_number"": 1, ""round_number"": 1, ""phase"": ""SPEAKER_P3"", ""active_speaker"": 3, ""player_id"": 3, ""value"": ""start=P3"", ""server_time_utc"": ""2026-07-13T00:09:42.502833"", ""server_time_local"": ""2026-07-12T20:09:42.502833-04:00""}"
170244.77743094778,"{""marker"": ""G1_R1_SPEAKER_P4"", ""lsl_time"": 170244.7774442, ""session_id"": ""S001"", ""game_number"": 1, ""round_number"": 1, ""phase"": ""SPEAKER_P4"", ""active_speaker"": 4, ""player_id"": null, ""value"": null, ""server_time_utc"": ""2026-07-13T00:09:45.050264"", ""server_time_local"": ""2026-07-12T20:09:45.050264-04:00""}"
170244.78220984773,"{""marker"": ""G1_R1_SPEECH_BOUNDARY_BEEP"", ""lsl_time"": 170244.7822231, ""session_id"": ""S001"", ""game_number"": 1, ""round_number"": 1, ""phase"": ""SPEAKER_P4"", ""active_speaker"": 4, ""player_id"": 4, ""value"": ""start=P4"", ""server_time_utc"": ""2026-07-13T00:09:45.054779"", ""server_time_local"": ""2026-07-12T20:09:45.054779-04:00""}"
170246.30957193585,"{""marker"": ""G1_R1_SPEAKER_P5"", ""lsl_time"": 170246.3095852, ""session_id"": ""S001"", ""game_number"": 1, ""round_number"": 1, ""phase"": ""SPEAKER_P5"", ""active_speaker"": 5, ""player_id"": null, ""value"": null, ""server_time_utc"": ""2026-07-13T00:09:46.582636"", ""server_time_local"": ""2026-07-12T20:09:46.582636-04:00""}"
170246.3163710358,"{""marker"": ""G1_R1_SPEECH_BOUNDARY_BEEP"", ""lsl_time"": 170246.3163843, ""session_id"": ""S001"", ""game_number"": 1, ""round_number"": 1, ""phase"": ""SPEAKER_P5"", ""active_speaker"": 5, ""player_id"": 5, ""value"": ""start=P5"", ""server_time_utc"": ""2026-07-13T00:09:46.589177"", ""server_time_local"": ""2026-07-12T20:09:46.589177-04:00""}"
170247.5309850263,"{""marker"": ""G1_R1_VOTE_PHASE"", ""lsl_time"": 170247.5309983, ""session_id"": ""S001"", ""game_number"": 1, ""round_number"": 1, ""phase"": ""VOTE_PHASE"", ""active_speaker"": null, ""player_id"": null, ""value"": null, ""server_time_utc"": ""2026-07-13T00:09:47.803708"", ""server_time_local"": ""2026-07-12T20:09:47.803708-04:00""}"
170247.53882502625,"{""marker"": ""G1_R1_SPEECH_BOUNDARY_BEEP"", ""lsl_time"": 170247.5388383, ""session_id"": ""S001"", ""game_number"": 1, ""round_number"": 1, ""phase"": ""VOTE_PHASE"", ""active_speaker"": null, ""player_id"": 5, ""value"": ""end=P5;next=VOTE_PHASE"", ""server_time_utc"": ""2026-07-13T00:09:47.812250"", ""server_time_local"": ""2026-07-12T20:09:47.812250-04:00""}"
170250.6064368023,"{""marker"": ""G1_R1_VOTE_SUBMIT_P1"", ""lsl_time"": 170250.6064501, ""session_id"": ""S001"", ""game_number"": 1, ""round_number"": 1, ""phase"": ""VOTE_PHASE"", ""active_speaker"": null, ""player_id"": 1, ""value"": ""target=P2"", ""server_time_utc"": ""2026-07-13T00:09:50.879202"", ""server_time_local"": ""2026-07-12T20:09:50.879202-04:00""}"
170252.28134348925,"{""marker"": ""P3_RECONNECTED"", ""lsl_time"": 170252.2813568, ""session_id"": ""S001"", ""game_number"": 1, ""round_number"": 1, ""phase"": ""VOTE_PHASE"", ""active_speaker"": null, ""player_id"": 3, ""value"": ""phase=VOTE_PHASE"", ""server_time_utc"": ""2026-07-13T00:09:52.554434"", ""server_time_local"": ""2026-07-12T20:09:52.554434-04:00""}"
170252.29317998915,"{""marker"": ""P3_DISCONNECTED"", ""lsl_time"": 170252.2931933, ""session_id"": ""S001"", ""game_number"": 1, ""round_number"": 1, ""phase"": ""VOTE_PHASE"", ""active_speaker"": null, ""player_id"": 3, ""value"": ""last_seen_age_sec=32.2"", ""server_time_utc"": ""2026-07-13T00:09:52.566110"", ""server_time_local"": ""2026-07-12T20:09:52.566110-04:00""}"
170252.3530938887,"{""marker"": ""P3_RECONNECTED"", ""lsl_time"": 170252.3531072, ""session_id"": ""S001"", ""game_number"": 1, ""round_number"": 1, ""phase"": ""VOTE_PHASE"", ""active_speaker"": null, ""player_id"": 3, ""value"": ""phase=VOTE_PHASE"", ""server_time_utc"": ""2026-07-13T00:09:52.626394"", ""server_time_local"": ""2026-07-12T20:09:52.626394-04:00""}"
170253.70389257817,"{""marker"": ""G1_R1_VOTE_SUBMIT_P3"", ""lsl_time"": 170253.7039059, ""session_id"": ""S001"", ""game_number"": 1, ""round_number"": 1, ""phase"": ""VOTE_PHASE"", ""active_speaker"": null, ""player_id"": 3, ""value"": ""target=P3"", ""server_time_utc"": ""2026-07-13T00:09:53.976842"", ""server_time_local"": ""2026-07-12T20:09:53.976842-04:00""}"
170254.4659541722,"{""marker"": ""P4_RECONNECTED"", ""lsl_time"": 170254.4659675, ""session_id"": ""S001"", ""game_number"": 1, ""round_number"": 1, ""phase"": ""VOTE_PHASE"", ""active_speaker"": null, ""player_id"": 4, ""value"": ""phase=VOTE_PHASE"", ""server_time_utc"": ""2026-07-13T00:09:54.739330"", ""server_time_local"": ""2026-07-12T20:09:54.739330-04:00""}"
170255.904766261,"{""marker"": ""G1_R1_VOTE_SUBMIT_P4"", ""lsl_time"": 170255.9047796, ""session_id"": ""S001"", ""game_number"": 1, ""round_number"": 1, ""phase"": ""VOTE_PHASE"", ""active_speaker"": null, ""player_id"": 4, ""value"": ""target=P3"", ""server_time_utc"": ""2026-07-13T00:09:56.177077"", ""server_time_local"": ""2026-07-12T20:09:56.177077-04:00""}"
170256.55966135586,"{""marker"": ""P5_RECONNECTED"", ""lsl_time"": 170256.5596747, ""session_id"": ""S001"", ""game_number"": 1, ""round_number"": 1, ""phase"": ""VOTE_PHASE"", ""active_speaker"": null, ""player_id"": 5, ""value"": ""phase=VOTE_PHASE"", ""server_time_utc"": ""2026-07-13T00:09:56.832634"", ""server_time_local"": ""2026-07-12T20:09:56.832634-04:00""}"
170257.91955724527,"{""marker"": ""G1_R1_VOTE_SUBMIT_P5"", ""lsl_time"": 170257.9195706, ""session_id"": ""S001"", ""game_number"": 1, ""round_number"": 1, ""phase"": ""VOTE_PHASE"", ""active_speaker"": null, ""player_id"": 5, ""value"": ""target=P4"", ""server_time_utc"": ""2026-07-13T00:09:58.192462"", ""server_time_local"": ""2026-07-12T20:09:58.192462-04:00""}"
170259.58641133228,"{""marker"": ""P2_RECONNECTED"", ""lsl_time"": 170259.5864247, ""session_id"": ""S001"", ""game_number"": 1, ""round_number"": 1, ""phase"": ""VOTE_PHASE"", ""active_speaker"": null, ""player_id"": 2, ""value"": ""phase=VOTE_PHASE"", ""server_time_utc"": ""2026-07-13T00:09:59.859230"", ""server_time_local"": ""2026-07-12T20:09:59.859230-04:00""}"
170261.94320931387,"{""marker"": ""G1_R1_VOTE_SUBMIT_P2"", ""lsl_time"": 170261.9432227, ""session_id"": ""S001"", ""game_number"": 1, ""round_number"": 1, ""phase"": ""VOTE_PHASE"", ""active_speaker"": null, ""player_id"": 2, ""value"": ""target=P3"", ""server_time_utc"": ""2026-07-13T00:10:02.216159"", ""server_time_local"": ""2026-07-12T20:10:02.216159-04:00""}"
170264.28331569562,"{""marker"": ""G1_R1_CONFIDENCE_PHASE"", ""lsl_time"": 170264.2833291, ""session_id"": ""S001"", ""game_number"": 1, ""round_number"": 1, ""phase"": ""CONFIDENCE_PHASE"", ""active_speaker"": null, ""player_id"": null, ""value"": null, ""server_time_utc"": ""2026-07-13T00:10:04.556344"", ""server_time_local"": ""2026-07-12T20:10:04.556344-04:00""}"
170266.52736867813,"{""marker"": ""G1_R1_CONFIDENCE_SUBMIT_P2"", ""lsl_time"": 170266.5273821, ""session_id"": ""S001"", ""game_number"": 1, ""round_number"": 1, ""phase"": ""CONFIDENCE_PHASE"", ""active_speaker"": null, ""player_id"": 2, ""value"": ""2"", ""server_time_utc"": ""2026-07-13T00:10:06.800015"", ""server_time_local"": ""2026-07-12T20:10:06.800015-04:00""}"
170268.59914176195,"{""marker"": ""G1_R1_CONFIDENCE_SUBMIT_P1"", ""lsl_time"": 170268.5991552, ""session_id"": ""S001"", ""game_number"": 1, ""round_number"": 1, ""phase"": ""CONFIDENCE_PHASE"", ""active_speaker"": null, ""player_id"": 1, ""value"": ""3"", ""server_time_utc"": ""2026-07-13T00:10:08.872016"", ""server_time_local"": ""2026-07-12T20:10:08.872016-04:00""}"
170270.43111634767,"{""marker"": ""G1_R1_CONFIDENCE_SUBMIT_P3"", ""lsl_time"": 170270.4311298, ""session_id"": ""S001"", ""game_number"": 1, ""round_number"": 1, ""phase"": ""CONFIDENCE_PHASE"", ""active_speaker"": null, ""player_id"": 3, ""value"": ""4"", ""server_time_utc"": ""2026-07-13T00:10:10.703463"", ""server_time_local"": ""2026-07-12T20:10:10.703463-04:00""}"
170272.31244723298,"{""marker"": ""G1_R1_CONFIDENCE_SUBMIT_P4"", ""lsl_time"": 170272.3124607, ""session_id"": ""S001"", ""game_number"": 1, ""round_number"": 1, ""phase"": ""CONFIDENCE_PHASE"", ""active_speaker"": null, ""player_id"": 4, ""value"": ""4"", ""server_time_utc"": ""2026-07-13T00:10:12.585230"", ""server_time_local"": ""2026-07-12T20:10:12.585230-04:00""}"
170274.27548481768,"{""marker"": ""G1_R1_CONFIDENCE_SUBMIT_P5"", ""lsl_time"": 170274.2754983, ""session_id"": ""S001"", ""game_number"": 1, ""round_number"": 1, ""phase"": ""CONFIDENCE_PHASE"", ""active_speaker"": null, ""player_id"": 5, ""value"": ""5"", ""server_time_utc"": ""2026-07-13T00:10:14.548331"", ""server_time_local"": ""2026-07-12T20:10:14.548331-04:00""}"
170276.29173560196,"{""marker"": ""G1_R1_REASONING_PHASE"", ""lsl_time"": 170276.2917491, ""session_id"": ""S001"", ""game_number"": 1, ""round_number"": 1, ""phase"": ""REASONING_PHASE"", ""active_speaker"": null, ""player_id"": null, ""value"": null, ""server_time_utc"": ""2026-07-13T00:10:16.564291"", ""server_time_local"": ""2026-07-12T20:10:16.564291-04:00""}"
170279.35444267807,"{""marker"": ""G1_R1_REASONING_SUBMIT_P5"", ""lsl_time"": 170279.3544562, ""session_id"": ""S001"", ""game_number"": 1, ""round_number"": 1, ""phase"": ""REASONING_PHASE"", ""active_speaker"": null, ""player_id"": 5, ""value"": ""vague_speech"", ""server_time_utc"": ""2026-07-13T00:10:19.626935"", ""server_time_local"": ""2026-07-12T20:10:19.626935-04:00""}"
170281.89418455824,"{""marker"": ""G1_R1_REASONING_SUBMIT_P2"", ""lsl_time"": 170281.8941981, ""session_id"": ""S001"", ""game_number"": 1, ""round_number"": 1, ""phase"": ""REASONING_PHASE"", ""active_speaker"": null, ""player_id"": 2, ""value"": ""hesitation"", ""server_time_utc"": ""2026-07-13T00:10:22.166495"", ""server_time_local"": ""2026-07-12T20:10:22.166495-04:00""}"
170283.9645660421,"{""marker"": ""G1_R1_REASONING_SUBMIT_P4"", ""lsl_time"": 170283.9645796, ""session_id"": ""S001"", ""game_number"": 1, ""round_number"": 1, ""phase"": ""REASONING_PHASE"", ""active_speaker"": null, ""player_id"": 4, ""value"": ""contradiction"", ""server_time_utc"": ""2026-07-13T00:10:24.236842"", ""server_time_local"": ""2026-07-12T20:10:24.236842-04:00""}"
170286.45492402266,"{""marker"": ""G1_R1_REASONING_SUBMIT_P3"", ""lsl_time"": 170286.4549376, ""session_id"": ""S001"", ""game_number"": 1, ""round_number"": 1, ""phase"": ""REASONING_PHASE"", ""active_speaker"": null, ""player_id"": 3, ""value"": ""contradiction"", ""server_time_utc"": ""2026-07-13T00:10:26.727701"", ""server_time_local"": ""2026-07-12T20:10:26.727701-04:00""}"
170292.77548747335,"{""marker"": ""G1_R1_REASONING_SUBMIT_P1"", ""lsl_time"": 170292.7755011, ""session_id"": ""S001"", ""game_number"": 1, ""round_number"": 1, ""phase"": ""REASONING_PHASE"", ""active_speaker"": null, ""player_id"": 1, ""value"": ""vague_speech"", ""server_time_utc"": ""2026-07-13T00:10:33.047556"", ""server_time_local"": ""2026-07-12T20:10:33.047556-04:00""}"
170296.9477625408,"{""marker"": ""G1_R1_ROUND_END"", ""lsl_time"": 170296.9477762, ""session_id"": ""S001"", ""game_number"": 1, ""round_number"": 1, ""phase"": ""ROUND_END"", ""active_speaker"": null, ""player_id"": null, ""value"": null, ""server_time_utc"": ""2026-07-13T00:10:37.220314"", ""server_time_local"": ""2026-07-12T20:10:37.220314-04:00""}"
170318.84908487,"{""marker"": ""EEG_LSL_PREFLIGHT_SNAPSHOT"", ""lsl_time"": 170318.8490987, ""session_id"": ""S001"", ""game_number"": 1, ""round_number"": 1, ""phase"": ""ROUND_END"", ""active_speaker"": null, ""player_id"": null, ""value"": ""{\""total_eeg_candidates\"": 0, \""insight_like_streams\"": 0, \""valid_streams\"": 0}"", ""server_time_utc"": ""2026-07-13T00:10:59.121271"", ""server_time_local"": ""2026-07-12T20:10:59.121271-04:00""}"
170342.83512568288,"{""marker"": ""G1_R2_WORD_PHASE"", ""lsl_time"": 170342.8351397, ""session_id"": ""S001"", ""game_number"": 1, ""round_number"": 2, ""phase"": ""WORD_PHASE"", ""active_speaker"": null, ""player_id"": null, ""value"": null, ""server_time_utc"": ""2026-07-13T00:11:23.107766"", ""server_time_local"": ""2026-07-12T20:11:23.107766-04:00""}"
170354.2401560939,"{""marker"": ""P3_DISCONNECTED"", ""lsl_time"": 170354.2401702, ""session_id"": ""S001"", ""game_number"": 1, ""round_number"": 2, ""phase"": ""WORD_PHASE"", ""active_speaker"": null, ""player_id"": 3, ""value"": ""last_seen_age_sec=5.2"", ""server_time_utc"": ""2026-07-13T00:11:34.513165"", ""server_time_local"": ""2026-07-12T20:11:34.513165-04:00""}"
170354.2410894939,"{""marker"": ""P3_DISCONNECTED"", ""lsl_time"": 170354.2411036, ""session_id"": ""S001"", ""game_number"": 1, ""round_number"": 2, ""phase"": ""WORD_PHASE"", ""active_speaker"": null, ""player_id"": 3, ""value"": ""last_seen_age_sec=5.2"", ""server_time_utc"": ""2026-07-13T00:11:34.514170"", ""server_time_local"": ""2026-07-12T20:11:34.514170-04:00""}"
170354.26304799374,"{""marker"": ""P4_DISCONNECTED"", ""lsl_time"": 170354.2630621, ""session_id"": ""S001"", ""game_number"": 1, ""round_number"": 2, ""phase"": ""WORD_PHASE"", ""active_speaker"": null, ""player_id"": 4, ""value"": ""last_seen_age_sec=5.2"", ""server_time_utc"": ""2026-07-13T00:11:34.535772"", ""server_time_local"": ""2026-07-12T20:11:34.535772-04:00""}"
170354.26980239365,"{""marker"": ""P5_DISCONNECTED"", ""lsl_time"": 170354.2698165, ""session_id"": ""S001"", ""game_number"": 1, ""round_number"": 2, ""phase"": ""WORD_PHASE"", ""active_speaker"": null, ""player_id"": 5, ""value"": ""last_seen_age_sec=6.2"", ""server_time_utc"": ""2026-07-13T00:11:34.543215"", ""server_time_local"": ""2026-07-12T20:11:34.543215-04:00""}"
170354.33774719315,"{""marker"": ""P3_RECONNECTED"", ""lsl_time"": 170354.3377613, ""session_id"": ""S001"", ""game_number"": 1, ""round_number"": 2, ""phase"": ""WORD_PHASE"", ""active_speaker"": null, ""player_id"": 3, ""value"": ""phase=WORD_PHASE"", ""server_time_utc"": ""2026-07-13T00:11:34.611196"", ""server_time_local"": ""2026-07-12T20:11:34.611196-04:00""}"
170355.1120709871,"{""marker"": ""P4_RECONNECTED"", ""lsl_time"": 170355.1120851, ""session_id"": ""S001"", ""game_number"": 1, ""round_number"": 2, ""phase"": ""WORD_PHASE"", ""active_speaker"": null, ""player_id"": 4, ""value"": ""phase=WORD_PHASE"", ""server_time_utc"": ""2026-07-13T00:11:35.384807"", ""server_time_local"": ""2026-07-12T20:11:35.384807-04:00""}"
170355.7144006824,"{""marker"": ""P5_RECONNECTED"", ""lsl_time"": 170355.7144148, ""session_id"": ""S001"", ""game_number"": 1, ""round_number"": 2, ""phase"": ""WORD_PHASE"", ""active_speaker"": null, ""player_id"": 5, ""value"": ""phase=WORD_PHASE"", ""server_time_utc"": ""2026-07-13T00:11:35.987473"", ""server_time_local"": ""2026-07-12T20:11:35.987473-04:00""}"
170363.03898432528,"{""marker"": ""G1_R2_SPEAKER_P1"", ""lsl_time"": 170363.0389985, ""session_id"": ""S001"", ""game_number"": 1, ""round_number"": 2, ""phase"": ""SPEAKER_P1"", ""active_speaker"": 1, ""player_id"": null, ""value"": null, ""server_time_utc"": ""2026-07-13T00:11:43.312319"", ""server_time_local"": ""2026-07-12T20:11:43.312319-04:00""}"
170363.04234182523,"{""marker"": ""G1_R2_SPEECH_BOUNDARY_BEEP"", ""lsl_time"": 170363.042356, ""session_id"": ""S001"", ""game_number"": 1, ""round_number"": 2, ""phase"": ""SPEAKER_P1"", ""active_speaker"": 1, ""player_id"": 1, ""value"": ""start=P1"", ""server_time_utc"": ""2026-07-13T00:11:43.315306"", ""server_time_local"": ""2026-07-12T20:11:43.315306-04:00""}"
170376.4855704204,"{""marker"": ""G1_R2_SPEAKER_P2"", ""lsl_time"": 170376.4855847, ""session_id"": ""S001"", ""game_number"": 1, ""round_number"": 2, ""phase"": ""SPEAKER_P2"", ""active_speaker"": 2, ""player_id"": null, ""value"": null, ""server_time_utc"": ""2026-07-13T00:11:56.759003"", ""server_time_local"": ""2026-07-12T20:11:56.759003-04:00""}"
170376.49247072032,"{""marker"": ""G1_R2_SPEECH_BOUNDARY_BEEP"", ""lsl_time"": 170376.492485, ""session_id"": ""S001"", ""game_number"": 1, ""round_number"": 2, ""phase"": ""SPEAKER_P2"", ""active_speaker"": 2, ""player_id"": 2, ""value"": ""start=P2"", ""server_time_utc"": ""2026-07-13T00:11:56.765693"", ""server_time_local"": ""2026-07-12T20:11:56.765693-04:00""}"
170377.73143711066,"{""marker"": ""G1_R2_SPEAKER_P3"", ""lsl_time"": 170377.7314514, ""session_id"": ""S001"", ""game_number"": 1, ""round_number"": 2, ""phase"": ""SPEAKER_P3"", ""active_speaker"": 3, ""player_id"": null, ""value"": null, ""server_time_utc"": ""2026-07-13T00:11:58.004062"", ""server_time_local"": ""2026-07-12T20:11:58.004062-04:00""}"
170377.7368390106,"{""marker"": ""G1_R2_SPEECH_BOUNDARY_BEEP"", ""lsl_time"": 170377.7368533, ""session_id"": ""S001"", ""game_number"": 1, ""round_number"": 2, ""phase"": ""SPEAKER_P3"", ""active_speaker"": 3, ""player_id"": 3, ""value"": ""start=P3"", ""server_time_utc"": ""2026-07-13T00:11:58.010141"", ""server_time_local"": ""2026-07-12T20:11:58.010141-04:00""}"
170378.76983040254,"{""marker"": ""G1_R2_SPEAKER_P4"", ""lsl_time"": 170378.7698447, ""session_id"": ""S001"", ""game_number"": 1, ""round_number"": 2, ""phase"": ""SPEAKER_P4"", ""active_speaker"": 4, ""player_id"": null, ""value"": null, ""server_time_utc"": ""2026-07-13T00:11:59.043268"", ""server_time_local"": ""2026-07-12T20:11:59.043268-04:00""}"
170378.7741096025,"{""marker"": ""G1_R2_SPEECH_BOUNDARY_BEEP"", ""lsl_time"": 170378.7741239, ""session_id"": ""S001"", ""game_number"": 1, ""round_number"": 2, ""phase"": ""SPEAKER_P4"", ""active_speaker"": 4, ""player_id"": 4, ""value"": ""start=P4"", ""server_time_utc"": ""2026-07-13T00:11:59.047266"", ""server_time_local"": ""2026-07-12T20:11:59.047266-04:00""}"
170379.82442719434,"{""marker"": ""G1_R2_SPEAKER_P5"", ""lsl_time"": 170379.8244415, ""session_id"": ""S001"", ""game_number"": 1, ""round_number"": 2, ""phase"": ""SPEAKER_P5"", ""active_speaker"": 5, ""player_id"": null, ""value"": null, ""server_time_utc"": ""2026-07-13T00:12:00.097277"", ""server_time_local"": ""2026-07-12T20:12:00.097277-04:00""}"
170379.8303673943,"{""marker"": ""G1_R2_SPEECH_BOUNDARY_BEEP"", ""lsl_time"": 170379.8303817, ""session_id"": ""S001"", ""game_number"": 1, ""round_number"": 2, ""phase"": ""SPEAKER_P5"", ""active_speaker"": 5, ""player_id"": 5, ""value"": ""start=P5"", ""server_time_utc"": ""2026-07-13T00:12:00.103881"", ""server_time_local"": ""2026-07-12T20:12:00.103881-04:00""}"
170379.92337649353,"{""marker"": ""G1_R2_VOTE_PHASE"", ""lsl_time"": 170379.9233908, ""session_id"": ""S001"", ""game_number"": 1, ""round_number"": 2, ""phase"": ""VOTE_PHASE"", ""active_speaker"": null, ""player_id"": null, ""value"": null, ""server_time_utc"": ""2026-07-13T00:12:00.196801"", ""server_time_local"": ""2026-07-12T20:12:00.196801-04:00""}"
170379.92921519352,"{""marker"": ""G1_R2_SPEECH_BOUNDARY_BEEP"", ""lsl_time"": 170379.9292295, ""session_id"": ""S001"", ""game_number"": 1, ""round_number"": 2, ""phase"": ""VOTE_PHASE"", ""active_speaker"": null, ""player_id"": 5, ""value"": ""end=P5;next=VOTE_PHASE"", ""server_time_utc"": ""2026-07-13T00:12:00.202383"", ""server_time_local"": ""2026-07-12T20:12:00.202383-04:00""}"
170387.6592125332,"{""marker"": ""G1_R2_VOTE_SUBMIT_P1"", ""lsl_time"": 170387.6592269, ""session_id"": ""S001"", ""game_number"": 1, ""round_number"": 2, ""phase"": ""VOTE_PHASE"", ""active_speaker"": null, ""player_id"": 1, ""value"": ""target=P1"", ""server_time_utc"": ""2026-07-13T00:12:07.931585"", ""server_time_local"": ""2026-07-12T20:12:07.931585-04:00""}"
170390.5414508107,"{""marker"": ""G1_R2_VOTE_SUBMIT_P2"", ""lsl_time"": 170390.5414652, ""session_id"": ""S001"", ""game_number"": 1, ""round_number"": 2, ""phase"": ""VOTE_PHASE"", ""active_speaker"": null, ""player_id"": 2, ""value"": ""target=P3"", ""server_time_utc"": ""2026-07-13T00:12:10.814238"", ""server_time_local"": ""2026-07-12T20:12:10.814238-04:00""}"
170392.2351817975,"{""marker"": ""G1_R2_VOTE_SUBMIT_P3"", ""lsl_time"": 170392.2351962, ""session_id"": ""S001"", ""game_number"": 1, ""round_number"": 2, ""phase"": ""VOTE_PHASE"", ""active_speaker"": null, ""player_id"": 3, ""value"": ""target=P3"", ""server_time_utc"": ""2026-07-13T00:12:12.507461"", ""server_time_local"": ""2026-07-12T20:12:12.507461-04:00""}"
170394.24021668188,"{""marker"": ""G1_R2_VOTE_SUBMIT_P4"", ""lsl_time"": 170394.2402311, ""session_id"": ""S001"", ""game_number"": 1, ""round_number"": 2, ""phase"": ""VOTE_PHASE"", ""active_speaker"": null, ""player_id"": 4, ""value"": ""target=P4"", ""server_time_utc"": ""2026-07-13T00:12:14.513069"", ""server_time_local"": ""2026-07-12T20:12:14.513069-04:00""}"
170396.1607315669,"{""marker"": ""G1_R2_VOTE_SUBMIT_P5"", ""lsl_time"": 170396.160746, ""session_id"": ""S001"", ""game_number"": 1, ""round_number"": 2, ""phase"": ""VOTE_PHASE"", ""active_speaker"": null, ""player_id"": 5, ""value"": ""target=P4"", ""server_time_utc"": ""2026-07-13T00:12:16.433436"", ""server_time_local"": ""2026-07-12T20:12:16.433436-04:00""}"
170397.96403875283,"{""marker"": ""G1_R2_CONFIDENCE_PHASE"", ""lsl_time"": 170397.9640532, ""session_id"": ""S001"", ""game_number"": 1, ""round_number"": 2, ""phase"": ""CONFIDENCE_PHASE"", ""active_speaker"": null, ""player_id"": null, ""value"": null, ""server_time_utc"": ""2026-07-13T00:12:18.236757"", ""server_time_local"": ""2026-07-12T20:12:18.236757-04:00""}"
170400.27873443475,"{""marker"": ""G1_R2_CONFIDENCE_SUBMIT_P5"", ""lsl_time"": 170400.2787489, ""session_id"": ""S001"", ""game_number"": 1, ""round_number"": 2, ""phase"": ""CONFIDENCE_PHASE"", ""active_speaker"": null, ""player_id"": 5, ""value"": ""1"", ""server_time_utc"": ""2026-07-13T00:12:20.550781"", ""server_time_local"": ""2026-07-12T20:12:20.550781-04:00""}"
170402.29660621902,"{""marker"": ""G1_R2_CONFIDENCE_SUBMIT_P2"", ""lsl_time"": 170402.2966207, ""session_id"": ""S001"", ""game_number"": 1, ""round_number"": 2, ""phase"": ""CONFIDENCE_PHASE"", ""active_speaker"": null, ""player_id"": 2, ""value"": ""3"", ""server_time_utc"": ""2026-07-13T00:12:22.569399"", ""server_time_local"": ""2026-07-12T20:12:22.569399-04:00""}"
170404.26361550367,"{""marker"": ""G1_R2_CONFIDENCE_SUBMIT_P3"", ""lsl_time"": 170404.26363, ""session_id"": ""S001"", ""game_number"": 1, ""round_number"": 2, ""phase"": ""CONFIDENCE_PHASE"", ""active_speaker"": null, ""player_id"": 3, ""value"": ""3"", ""server_time_utc"": ""2026-07-13T00:12:24.536599"", ""server_time_local"": ""2026-07-12T20:12:24.536599-04:00""}"
170406.3143478877,"{""marker"": ""G1_R2_CONFIDENCE_SUBMIT_P4"", ""lsl_time"": 170406.3143624, ""session_id"": ""S001"", ""game_number"": 1, ""round_number"": 2, ""phase"": ""CONFIDENCE_PHASE"", ""active_speaker"": null, ""player_id"": 4, ""value"": ""3"", ""server_time_utc"": ""2026-07-13T00:12:26.587207"", ""server_time_local"": ""2026-07-12T20:12:26.587207-04:00""}"
170411.17576924976,"{""marker"": ""G1_R2_CONFIDENCE_SUBMIT_P1"", ""lsl_time"": 170411.1757838, ""session_id"": ""S001"", ""game_number"": 1, ""round_number"": 2, ""phase"": ""CONFIDENCE_PHASE"", ""active_speaker"": null, ""player_id"": 1, ""value"": ""3"", ""server_time_utc"": ""2026-07-13T00:12:31.448274"", ""server_time_local"": ""2026-07-12T20:12:31.448274-04:00""}"
170412.21087214167,"{""marker"": ""G1_R2_REASONING_PHASE"", ""lsl_time"": 170412.2108867, ""session_id"": ""S001"", ""game_number"": 1, ""round_number"": 2, ""phase"": ""REASONING_PHASE"", ""active_speaker"": null, ""player_id"": null, ""value"": null, ""server_time_utc"": ""2026-07-13T00:12:32.483497"", ""server_time_local"": ""2026-07-12T20:12:32.483497-04:00""}"
170415.55740151557,"{""marker"": ""G1_R2_REASONING_SUBMIT_P1"", ""lsl_time"": 170415.5574161, ""session_id"": ""S001"", ""game_number"": 1, ""round_number"": 2, ""phase"": ""REASONING_PHASE"", ""active_speaker"": null, ""player_id"": 1, ""value"": ""vague_speech"", ""server_time_utc"": ""2026-07-13T00:12:35.829406"", ""server_time_local"": ""2026-07-12T20:12:35.829406-04:00""}"
170418.13650429546,"{""marker"": ""G1_R2_REASONING_SUBMIT_P2"", ""lsl_time"": 170418.1365189, ""session_id"": ""S001"", ""game_number"": 1, ""round_number"": 2, ""phase"": ""REASONING_PHASE"", ""active_speaker"": null, ""player_id"": 2, ""value"": ""too_much_detail"", ""server_time_utc"": ""2026-07-13T00:12:38.409446"", ""server_time_local"": ""2026-07-12T20:12:38.409446-04:00""}"
170420.2721361788,"{""marker"": ""G1_R2_REASONING_SUBMIT_P3"", ""lsl_time"": 170420.2721508, ""session_id"": ""S001"", ""game_number"": 1, ""round_number"": 2, ""phase"": ""REASONING_PHASE"", ""active_speaker"": null, ""player_id"": 3, ""value"": ""contradiction"", ""server_time_utc"": ""2026-07-13T00:12:40.545283"", ""server_time_local"": ""2026-07-12T20:12:40.545283-04:00""}"
170422.50921216136,"{""marker"": ""G1_R2_REASONING_SUBMIT_P4"", ""lsl_time"": 170422.5092268, ""session_id"": ""S001"", ""game_number"": 1, ""round_number"": 2, ""phase"": ""REASONING_PHASE"", ""active_speaker"": null, ""player_id"": 4, ""value"": ""too_much_detail"", ""server_time_utc"": ""2026-07-13T00:12:42.781256"", ""server_time_local"": ""2026-07-12T20:12:42.781256-04:00""}"
170425.20265824033,"{""marker"": ""G1_R2_REASONING_SUBMIT_P5"", ""lsl_time"": 170425.2026729, ""session_id"": ""S001"", ""game_number"": 1, ""round_number"": 2, ""phase"": ""REASONING_PHASE"", ""active_speaker"": null, ""player_id"": 5, ""value"": ""seemed_nervous"", ""server_time_utc"": ""2026-07-13T00:12:45.475158"", ""server_time_local"": ""2026-07-12T20:12:45.475158-04:00""}"
170431.45682189157,"{""marker"": ""G1_R2_ROUND_END"", ""lsl_time"": 170431.4568366, ""session_id"": ""S001"", ""game_number"": 1, ""round_number"": 2, ""phase"": ""ROUND_END"", ""active_speaker"": null, ""player_id"": null, ""value"": null, ""server_time_utc"": ""2026-07-13T00:12:51.730020"", ""server_time_local"": ""2026-07-12T20:12:51.730020-04:00""}"
170441.66262541193,"{""marker"": ""SESSION_END"", ""lsl_time"": 170441.6626402, ""session_id"": ""S001"", ""game_number"": 1, ""round_number"": 2, ""phase"": ""SESSION_END"", ""active_speaker"": null, ""player_id"": null, ""value"": null, ""server_time_utc"": ""2026-07-13T00:13:01.935576"", ""server_time_local"": ""2026-07-12T20:13:01.935576-04:00""}"
170442.19735430778,"{""marker"": ""P001_MEDIA_RECORDING_STOPPED"", ""lsl_time"": 170442.1973691, ""session_id"": ""S001"", ""game_number"": 1, ""round_number"": 2, ""phase"": ""SESSION_END"", ""active_speaker"": null, ""player_id"": 1, ""value"": ""{\""segment\"": 1, \""note\"": \""Recorder stop requested\""}"", ""server_time_utc"": ""2026-07-13T00:13:02.470615"", ""server_time_local"": ""2026-07-12T20:13:02.470615-04:00""}"
170442.2442059074,"{""marker"": ""P001_MEDIA_UPLOAD_COMPLETED"", ""lsl_time"": 170442.2442207, ""session_id"": ""S001"", ""game_number"": 1, ""round_number"": 2, ""phase"": ""SESSION_END"", ""active_speaker"": null, ""player_id"": 1, ""value"": ""{\""session_id\"": \""S001\"", \""participant_id\"": \""P001\"", \""segment\"": 1, \""filename\"": \""P001_S001_audio_only_part01.webm\"", \""media_kind\"": \""audio_only\"", \""mime_type\"": \""audio/webm;codecs=opus\"", \""camera_label\"": \""PC-LM1E (0c45:636d)\"", \""microphone_label\"": \""Microphone Array on SoundWire Device (3- Cirrus Logic XU)\"", \""size_bytes\"": 4665858, \""started_utc\"": \""2026-07-13T00:08:12.970Z\"", \""ended_utc\"": \""2026-07-13T00:13:02.488Z\"", \""received_utc\"": \""2026-07-13T00:13:02.515462\""}"", ""server_time_utc"": ""2026-07-13T00:13:02.517472"", ""server_time_local"": ""2026-07-12T20:13:02.517472-04:00""}"
170442.50773210535,"{""marker"": ""P001_MEDIA_UPLOAD_COMPLETED"", ""lsl_time"": 170442.5077469, ""session_id"": ""S001"", ""game_number"": 1, ""round_number"": 2, ""phase"": ""SESSION_END"", ""active_speaker"": null, ""player_id"": 1, ""value"": ""{\""session_id\"": \""S001\"", \""participant_id\"": \""P001\"", \""segment\"": 1, \""filename\"": \""P001_S001_camera_audio_part01.webm\"", \""media_kind\"": \""camera_audio\"", \""mime_type\"": \""video/webm;codecs=vp8,opus\"", \""camera_label\"": \""PC-LM1E (0c45:636d)\"", \""microphone_label\"": \""Microphone Array on SoundWire Device (3- Cirrus Logic XU)\"", \""size_bytes\"": 89493210, \""started_utc\"": \""2026-07-13T00:08:12.970Z\"", \""ended_utc\"": \""2026-07-13T00:13:02.481Z\"", \""received_utc\"": \""2026-07-13T00:13:02.779257\""}"", ""server_time_utc"": ""2026-07-13T00:13:02.780262"", ""server_time_local"": ""2026-07-12T20:13:02.780262-04:00""}"
170459.15740247548,"{""marker"": ""FORCE_SESSION_END"", ""lsl_time"": 170459.1574174, ""session_id"": ""S001"", ""game_number"": 1, ""round_number"": 2, ""phase"": ""SESSION_END"", ""active_speaker"": null, ""player_id"": null, ""value"": ""moderator decision: media test"", ""server_time_utc"": ""2026-07-13T00:13:19.430346"", ""server_time_local"": ""2026-07-12T20:13:19.430346-04:00""}"
