id,session_id,game_number,round_number,phase,marker,active_speaker,player_id,value,server_time_utc,server_time_local,lsl_time
1,S001,1,1,WAITING,ACTIVE_SESSION_RESET,,,new_session_requested_clean_v11,2026-07-13T00:06:53.165704,2026-07-12T20:06:53.165704-04:00,170072.8925614
2,S001,1,1,WAITING,P3_CONNECTED,,3,phase=WAITING,2026-07-13T00:06:53.306396,2026-07-12T20:06:53.306396-04:00,170073.03383
3,S001,1,1,WAITING,P4_CONNECTED,,4,phase=WAITING,2026-07-13T00:06:53.321391,2026-07-12T20:06:53.321391-04:00,170073.0487152
4,S001,1,1,WAITING,P2_CONNECTED,,2,phase=WAITING,2026-07-13T00:06:53.335848,2026-07-12T20:06:53.335848-04:00,170073.0627931
5,S001,1,1,WAITING,P5_CONNECTED,,5,phase=WAITING,2026-07-13T00:06:53.352849,2026-07-12T20:06:53.352849-04:00,170073.0797201
6,S001,1,1,WAITING,P1_CONNECTED,,1,phase=WAITING,2026-07-13T00:06:53.485142,2026-07-12T20:06:53.485142-04:00,170073.2125234
7,S001,1,1,WAITING,P001_MEDIA_READY,,1,"{""segment"": 0, ""note"": ""{\""camera\"":\""PC-LM1E (0c45:636d)\"",\""microphone\"":\""Microphone Array on SoundWire Device (3- Cirrus Logic XU)\"",\""audio_tracks\"":1,\""video_tracks\"":1}""}",2026-07-13T00:07:21.283518,2026-07-12T20:07:21.283518-04:00,170101.0108827
8,S001,1,1,WAITING,P2_DISCONNECTED,,2,last_seen_age_sec=25.2,2026-07-13T00:07:47.499062,2026-07-12T20:07:47.499062-04:00,170127.225586
9,S001,1,1,WAITING,P3_DISCONNECTED,,3,last_seen_age_sec=21.2,2026-07-13T00:07:47.507067,2026-07-12T20:07:47.507067-04:00,170127.23362
10,S001,1,1,WAITING,P4_DISCONNECTED,,4,last_seen_age_sec=16.2,2026-07-13T00:07:47.515131,2026-07-12T20:07:47.515131-04:00,170127.2418399
11,S001,1,1,WAITING,P5_DISCONNECTED,,5,last_seen_age_sec=10.2,2026-07-13T00:07:47.524946,2026-07-12T20:07:47.524946-04:00,170127.2517773
12,S001,1,1,WAITING,P3_DISCONNECTED,,3,last_seen_age_sec=21.2,2026-07-13T00:07:47.508069,2026-07-12T20:07:47.508069-04:00,170127.235254
13,S001,1,1,WAITING,P2_RECONNECTED,,2,phase=WAITING,2026-07-13T00:07:54.902304,2026-07-12T20:07:54.902304-04:00,170134.6298795
14,S001,1,1,WAITING,P3_RECONNECTED,,3,phase=WAITING,2026-07-13T00:07:57.485182,2026-07-12T20:07:57.485182-04:00,170137.2121554
15,S001,1,1,WAITING,P4_RECONNECTED,,4,phase=WAITING,2026-07-13T00:08:00.070512,2026-07-12T20:08:00.070512-04:00,170139.7975289
16,S001,1,1,WAITING,P5_RECONNECTED,,5,phase=WAITING,2026-07-13T00:08:02.109138,2026-07-12T20:08:02.109138-04:00,170141.8365114
17,S001,1,1,SESSION_START,SESSION_START,,,,2026-07-13T00:08:12.596430,2026-07-12T20:08:12.596430-04:00,170152.323127
18,S001,1,1,SESSION_START,P001_MEDIA_RECORDING_STARTED,,1,"{""segment"": 1, ""note"": ""{\""video_mime\"":\""video/webm;codecs=vp8,opus\"",\""audio_mime\"":\""audio/webm;codecs=opus\"",\""audio_tracks\"":1,\""video_tracks\"":1,\""microphone\"":\""Microphone Array on SoundWire Device (3- Cirrus Logic XU)\""}""}",2026-07-13T00:08:12.971887,2026-07-12T20:08:12.971887-04:00,170152.6988138
19,S001,1,1,GAME_READY,G1_ASSIGNMENT_CREATED,,,spy=P2;common=RIVER;spy_word=STREAM,2026-07-13T00:08:14.663527,2026-07-12T20:08:14.663527-04:00,170154.3903311
20,S001,1,1,GAME_READY,LSL_TEST_MARKER,,,manual_test,2026-07-13T00:08:29.642959,2026-07-12T20:08:29.642959-04:00,170169.369792
21,S001,1,1,GAME_READY,P2_DISCONNECTED,,2,last_seen_age_sec=5.7,2026-07-13T00:09:12.014970,2026-07-12T20:09:12.014970-04:00,170211.7419297
22,S001,1,1,GAME_READY,P2_DISCONNECTED,,2,last_seen_age_sec=5.7,2026-07-13T00:09:12.018493,2026-07-12T20:09:12.018493-04:00,170211.7452395
23,S001,1,1,GAME_READY,P3_DISCONNECTED,,3,last_seen_age_sec=5.7,2026-07-13T00:09:15.025002,2026-07-12T20:09:15.025002-04:00,170214.752693
24,S001,1,1,GAME_READY,P3_DISCONNECTED,,3,last_seen_age_sec=5.7,2026-07-13T00:09:15.030492,2026-07-12T20:09:15.030492-04:00,170214.7577397
25,S001,1,1,GAME_READY,P4_DISCONNECTED,,4,last_seen_age_sec=6.2,2026-07-13T00:09:16.541255,2026-07-12T20:09:16.541255-04:00,170216.2687593
26,S001,1,1,GAME_READY,P4_DISCONNECTED,,4,last_seen_age_sec=6.2,2026-07-13T00:09:16.545302,2026-07-12T20:09:16.545302-04:00,170216.2721506
27,S001,1,1,WORD_PHASE,G1_R1_WORD_PHASE,,,,2026-07-13T00:09:18.217936,2026-07-12T20:09:18.217936-04:00,170217.9447939
28,S001,1,1,WORD_PHASE,P2_RECONNECTED,,2,phase=WORD_PHASE,2026-07-13T00:09:20.301110,2026-07-12T20:09:20.301110-04:00,170220.028386
29,S001,1,1,WORD_PHASE,P3_RECONNECTED,,3,phase=WORD_PHASE,2026-07-13T00:09:20.329444,2026-07-12T20:09:20.329444-04:00,170220.0560974
30,S001,1,1,WORD_PHASE,P4_RECONNECTED,,4,phase=WORD_PHASE,2026-07-13T00:09:20.341245,2026-07-12T20:09:20.341245-04:00,170220.0680301
31,S001,1,1,SPEAKER_P1,G1_R1_SPEAKER_P1,1,,,2026-07-13T00:09:25.420329,2026-07-12T20:09:25.420329-04:00,170225.147426
32,S001,1,1,SPEAKER_P1,G1_R1_SPEECH_BOUNDARY_BEEP,1,1,start=P1,2026-07-13T00:09:25.425909,2026-07-12T20:09:25.425909-04:00,170225.1524281
33,S001,1,1,SPEAKER_P1,P2_DISCONNECTED,1,2,last_seen_age_sec=5.2,2026-07-13T00:09:25.458410,2026-07-12T20:09:25.458410-04:00,170225.1850081
34,S001,1,1,SPEAKER_P1,P3_DISCONNECTED,1,3,last_seen_age_sec=5.1,2026-07-13T00:09:25.478325,2026-07-12T20:09:25.478325-04:00,170225.2056912
35,S001,1,1,SPEAKER_P1,P4_DISCONNECTED,1,4,last_seen_age_sec=5.1,2026-07-13T00:09:25.487469,2026-07-12T20:09:25.487469-04:00,170225.2142769
36,S001,1,1,SPEAKER_P1,P5_DISCONNECTED,1,5,last_seen_age_sec=5.1,2026-07-13T00:09:25.525371,2026-07-12T20:09:25.525371-04:00,170225.2522504
37,S001,1,1,SPEAKER_P1,P2_DISCONNECTED,1,2,last_seen_age_sec=5.2,2026-07-13T00:09:25.460456,2026-07-12T20:09:25.460456-04:00,170225.1872651
38,S001,1,1,SPEAKER_P2,G1_R1_SPEAKER_P2,2,,,2026-07-13T00:09:35.387905,2026-07-12T20:09:35.387905-04:00,170235.1148869
39,S001,1,1,SPEAKER_P2,G1_R1_SPEECH_BOUNDARY_BEEP,2,2,start=P2,2026-07-13T00:09:35.393437,2026-07-12T20:09:35.393437-04:00,170235.1200222
40,S001,1,1,SPEAKER_P3,G1_R1_SPEAKER_P3,3,,,2026-07-13T00:09:42.496079,2026-07-12T20:09:42.496079-04:00,170242.2230982
41,S001,1,1,SPEAKER_P3,G1_R1_SPEECH_BOUNDARY_BEEP,3,3,start=P3,2026-07-13T00:09:42.502833,2026-07-12T20:09:42.502833-04:00,170242.2297543
42,S001,1,1,SPEAKER_P4,G1_R1_SPEAKER_P4,4,,,2026-07-13T00:09:45.050264,2026-07-12T20:09:45.050264-04:00,170244.7774442
43,S001,1,1,SPEAKER_P4,G1_R1_SPEECH_BOUNDARY_BEEP,4,4,start=P4,2026-07-13T00:09:45.054779,2026-07-12T20:09:45.054779-04:00,170244.7822231
44,S001,1,1,SPEAKER_P5,G1_R1_SPEAKER_P5,5,,,2026-07-13T00:09:46.582636,2026-07-12T20:09:46.582636-04:00,170246.3095852
45,S001,1,1,SPEAKER_P5,G1_R1_SPEECH_BOUNDARY_BEEP,5,5,start=P5,2026-07-13T00:09:46.589177,2026-07-12T20:09:46.589177-04:00,170246.3163843
46,S001,1,1,VOTE_PHASE,G1_R1_VOTE_PHASE,,,,2026-07-13T00:09:47.803708,2026-07-12T20:09:47.803708-04:00,170247.5309983
47,S001,1,1,VOTE_PHASE,G1_R1_SPEECH_BOUNDARY_BEEP,,5,end=P5;next=VOTE_PHASE,2026-07-13T00:09:47.812250,2026-07-12T20:09:47.812250-04:00,170247.5388383
48,S001,1,1,VOTE_PHASE,G1_R1_VOTE_SUBMIT_P1,,1,target=P2,2026-07-13T00:09:50.879202,2026-07-12T20:09:50.879202-04:00,170250.6064501
49,S001,1,1,VOTE_PHASE,P3_RECONNECTED,,3,phase=VOTE_PHASE,2026-07-13T00:09:52.554434,2026-07-12T20:09:52.554434-04:00,170252.2813568
50,S001,1,1,VOTE_PHASE,P3_DISCONNECTED,,3,last_seen_age_sec=32.2,2026-07-13T00:09:52.566110,2026-07-12T20:09:52.566110-04:00,170252.2931933
51,S001,1,1,VOTE_PHASE,P3_RECONNECTED,,3,phase=VOTE_PHASE,2026-07-13T00:09:52.626394,2026-07-12T20:09:52.626394-04:00,170252.3531072
52,S001,1,1,VOTE_PHASE,G1_R1_VOTE_SUBMIT_P3,,3,target=P3,2026-07-13T00:09:53.976842,2026-07-12T20:09:53.976842-04:00,170253.7039059
53,S001,1,1,VOTE_PHASE,P4_RECONNECTED,,4,phase=VOTE_PHASE,2026-07-13T00:09:54.739330,2026-07-12T20:09:54.739330-04:00,170254.4659675
54,S001,1,1,VOTE_PHASE,G1_R1_VOTE_SUBMIT_P4,,4,target=P3,2026-07-13T00:09:56.177077,2026-07-12T20:09:56.177077-04:00,170255.9047796
55,S001,1,1,VOTE_PHASE,P5_RECONNECTED,,5,phase=VOTE_PHASE,2026-07-13T00:09:56.832634,2026-07-12T20:09:56.832634-04:00,170256.5596747
56,S001,1,1,VOTE_PHASE,G1_R1_VOTE_SUBMIT_P5,,5,target=P4,2026-07-13T00:09:58.192462,2026-07-12T20:09:58.192462-04:00,170257.9195706
57,S001,1,1,VOTE_PHASE,P2_RECONNECTED,,2,phase=VOTE_PHASE,2026-07-13T00:09:59.859230,2026-07-12T20:09:59.859230-04:00,170259.5864247
58,S001,1,1,VOTE_PHASE,G1_R1_VOTE_SUBMIT_P2,,2,target=P3,2026-07-13T00:10:02.216159,2026-07-12T20:10:02.216159-04:00,170261.9432227
59,S001,1,1,CONFIDENCE_PHASE,G1_R1_CONFIDENCE_PHASE,,,,2026-07-13T00:10:04.556344,2026-07-12T20:10:04.556344-04:00,170264.2833291
60,S001,1,1,CONFIDENCE_PHASE,G1_R1_CONFIDENCE_SUBMIT_P2,,2,2,2026-07-13T00:10:06.800015,2026-07-12T20:10:06.800015-04:00,170266.5273821
61,S001,1,1,CONFIDENCE_PHASE,G1_R1_CONFIDENCE_SUBMIT_P1,,1,3,2026-07-13T00:10:08.872016,2026-07-12T20:10:08.872016-04:00,170268.5991552
62,S001,1,1,CONFIDENCE_PHASE,G1_R1_CONFIDENCE_SUBMIT_P3,,3,4,2026-07-13T00:10:10.703463,2026-07-12T20:10:10.703463-04:00,170270.4311298
63,S001,1,1,CONFIDENCE_PHASE,G1_R1_CONFIDENCE_SUBMIT_P4,,4,4,2026-07-13T00:10:12.585230,2026-07-12T20:10:12.585230-04:00,170272.3124607
64,S001,1,1,CONFIDENCE_PHASE,G1_R1_CONFIDENCE_SUBMIT_P5,,5,5,2026-07-13T00:10:14.548331,2026-07-12T20:10:14.548331-04:00,170274.2754983
65,S001,1,1,REASONING_PHASE,G1_R1_REASONING_PHASE,,,,2026-07-13T00:10:16.564291,2026-07-12T20:10:16.564291-04:00,170276.2917491
66,S001,1,1,REASONING_PHASE,G1_R1_REASONING_SUBMIT_P5,,5,vague_speech,2026-07-13T00:10:19.626935,2026-07-12T20:10:19.626935-04:00,170279.3544562
67,S001,1,1,REASONING_PHASE,G1_R1_REASONING_SUBMIT_P2,,2,hesitation,2026-07-13T00:10:22.166495,2026-07-12T20:10:22.166495-04:00,170281.8941981
68,S001,1,1,REASONING_PHASE,G1_R1_REASONING_SUBMIT_P4,,4,contradiction,2026-07-13T00:10:24.236842,2026-07-12T20:10:24.236842-04:00,170283.9645796
69,S001,1,1,REASONING_PHASE,G1_R1_REASONING_SUBMIT_P3,,3,contradiction,2026-07-13T00:10:26.727701,2026-07-12T20:10:26.727701-04:00,170286.4549376
70,S001,1,1,REASONING_PHASE,G1_R1_REASONING_SUBMIT_P1,,1,vague_speech,2026-07-13T00:10:33.047556,2026-07-12T20:10:33.047556-04:00,170292.7755011
71,S001,1,1,ROUND_END,G1_R1_ROUND_END,,,,2026-07-13T00:10:37.220314,2026-07-12T20:10:37.220314-04:00,170296.9477762
72,S001,1,1,ROUND_END,EEG_LSL_PREFLIGHT_SNAPSHOT,,,"{""total_eeg_candidates"": 0, ""insight_like_streams"": 0, ""valid_streams"": 0}",2026-07-13T00:10:59.121271,2026-07-12T20:10:59.121271-04:00,170318.8490987
73,S001,1,2,WORD_PHASE,G1_R2_WORD_PHASE,,,,2026-07-13T00:11:23.107766,2026-07-12T20:11:23.107766-04:00,170342.8351397
74,S001,1,2,WORD_PHASE,P3_DISCONNECTED,,3,last_seen_age_sec=5.2,2026-07-13T00:11:34.513165,2026-07-12T20:11:34.513165-04:00,170354.2401702
75,S001,1,2,WORD_PHASE,P4_DISCONNECTED,,4,last_seen_age_sec=5.2,2026-07-13T00:11:34.535772,2026-07-12T20:11:34.535772-04:00,170354.2630621
76,S001,1,2,WORD_PHASE,P5_DISCONNECTED,,5,last_seen_age_sec=6.2,2026-07-13T00:11:34.543215,2026-07-12T20:11:34.543215-04:00,170354.2698165
77,S001,1,2,WORD_PHASE,P3_DISCONNECTED,,3,last_seen_age_sec=5.2,2026-07-13T00:11:34.514170,2026-07-12T20:11:34.514170-04:00,170354.2411036
78,S001,1,2,WORD_PHASE,P3_RECONNECTED,,3,phase=WORD_PHASE,2026-07-13T00:11:34.611196,2026-07-12T20:11:34.611196-04:00,170354.3377613
79,S001,1,2,WORD_PHASE,P4_RECONNECTED,,4,phase=WORD_PHASE,2026-07-13T00:11:35.384807,2026-07-12T20:11:35.384807-04:00,170355.1120851
80,S001,1,2,WORD_PHASE,P5_RECONNECTED,,5,phase=WORD_PHASE,2026-07-13T00:11:35.987473,2026-07-12T20:11:35.987473-04:00,170355.7144148
81,S001,1,2,SPEAKER_P1,G1_R2_SPEAKER_P1,1,,,2026-07-13T00:11:43.312319,2026-07-12T20:11:43.312319-04:00,170363.0389985
82,S001,1,2,SPEAKER_P1,G1_R2_SPEECH_BOUNDARY_BEEP,1,1,start=P1,2026-07-13T00:11:43.315306,2026-07-12T20:11:43.315306-04:00,170363.042356
83,S001,1,2,SPEAKER_P2,G1_R2_SPEAKER_P2,2,,,2026-07-13T00:11:56.759003,2026-07-12T20:11:56.759003-04:00,170376.4855847
84,S001,1,2,SPEAKER_P2,G1_R2_SPEECH_BOUNDARY_BEEP,2,2,start=P2,2026-07-13T00:11:56.765693,2026-07-12T20:11:56.765693-04:00,170376.492485
85,S001,1,2,SPEAKER_P3,G1_R2_SPEAKER_P3,3,,,2026-07-13T00:11:58.004062,2026-07-12T20:11:58.004062-04:00,170377.7314514
86,S001,1,2,SPEAKER_P3,G1_R2_SPEECH_BOUNDARY_BEEP,3,3,start=P3,2026-07-13T00:11:58.010141,2026-07-12T20:11:58.010141-04:00,170377.7368533
87,S001,1,2,SPEAKER_P4,G1_R2_SPEAKER_P4,4,,,2026-07-13T00:11:59.043268,2026-07-12T20:11:59.043268-04:00,170378.7698447
88,S001,1,2,SPEAKER_P4,G1_R2_SPEECH_BOUNDARY_BEEP,4,4,start=P4,2026-07-13T00:11:59.047266,2026-07-12T20:11:59.047266-04:00,170378.7741239
89,S001,1,2,SPEAKER_P5,G1_R2_SPEAKER_P5,5,,,2026-07-13T00:12:00.097277,2026-07-12T20:12:00.097277-04:00,170379.8244415
90,S001,1,2,SPEAKER_P5,G1_R2_SPEECH_BOUNDARY_BEEP,5,5,start=P5,2026-07-13T00:12:00.103881,2026-07-12T20:12:00.103881-04:00,170379.8303817
91,S001,1,2,VOTE_PHASE,G1_R2_VOTE_PHASE,,,,2026-07-13T00:12:00.196801,2026-07-12T20:12:00.196801-04:00,170379.9233908
92,S001,1,2,VOTE_PHASE,G1_R2_SPEECH_BOUNDARY_BEEP,,5,end=P5;next=VOTE_PHASE,2026-07-13T00:12:00.202383,2026-07-12T20:12:00.202383-04:00,170379.9292295
93,S001,1,2,VOTE_PHASE,G1_R2_VOTE_SUBMIT_P1,,1,target=P1,2026-07-13T00:12:07.931585,2026-07-12T20:12:07.931585-04:00,170387.6592269
94,S001,1,2,VOTE_PHASE,G1_R2_VOTE_SUBMIT_P2,,2,target=P3,2026-07-13T00:12:10.814238,2026-07-12T20:12:10.814238-04:00,170390.5414652
95,S001,1,2,VOTE_PHASE,G1_R2_VOTE_SUBMIT_P3,,3,target=P3,2026-07-13T00:12:12.507461,2026-07-12T20:12:12.507461-04:00,170392.2351962
96,S001,1,2,VOTE_PHASE,G1_R2_VOTE_SUBMIT_P4,,4,target=P4,2026-07-13T00:12:14.513069,2026-07-12T20:12:14.513069-04:00,170394.2402311
97,S001,1,2,VOTE_PHASE,G1_R2_VOTE_SUBMIT_P5,,5,target=P4,2026-07-13T00:12:16.433436,2026-07-12T20:12:16.433436-04:00,170396.160746
98,S001,1,2,CONFIDENCE_PHASE,G1_R2_CONFIDENCE_PHASE,,,,2026-07-13T00:12:18.236757,2026-07-12T20:12:18.236757-04:00,170397.9640532
99,S001,1,2,CONFIDENCE_PHASE,G1_R2_CONFIDENCE_SUBMIT_P5,,5,1,2026-07-13T00:12:20.550781,2026-07-12T20:12:20.550781-04:00,170400.2787489
100,S001,1,2,CONFIDENCE_PHASE,G1_R2_CONFIDENCE_SUBMIT_P2,,2,3,2026-07-13T00:12:22.569399,2026-07-12T20:12:22.569399-04:00,170402.2966207
101,S001,1,2,CONFIDENCE_PHASE,G1_R2_CONFIDENCE_SUBMIT_P3,,3,3,2026-07-13T00:12:24.536599,2026-07-12T20:12:24.536599-04:00,170404.26363
102,S001,1,2,CONFIDENCE_PHASE,G1_R2_CONFIDENCE_SUBMIT_P4,,4,3,2026-07-13T00:12:26.587207,2026-07-12T20:12:26.587207-04:00,170406.3143624
103,S001,1,2,CONFIDENCE_PHASE,G1_R2_CONFIDENCE_SUBMIT_P1,,1,3,2026-07-13T00:12:31.448274,2026-07-12T20:12:31.448274-04:00,170411.1757838
104,S001,1,2,REASONING_PHASE,G1_R2_REASONING_PHASE,,,,2026-07-13T00:12:32.483497,2026-07-12T20:12:32.483497-04:00,170412.2108867
105,S001,1,2,REASONING_PHASE,G1_R2_REASONING_SUBMIT_P1,,1,vague_speech,2026-07-13T00:12:35.829406,2026-07-12T20:12:35.829406-04:00,170415.5574161
106,S001,1,2,REASONING_PHASE,G1_R2_REASONING_SUBMIT_P2,,2,too_much_detail,2026-07-13T00:12:38.409446,2026-07-12T20:12:38.409446-04:00,170418.1365189
107,S001,1,2,REASONING_PHASE,G1_R2_REASONING_SUBMIT_P3,,3,contradiction,2026-07-13T00:12:40.545283,2026-07-12T20:12:40.545283-04:00,170420.2721508
108,S001,1,2,REASONING_PHASE,G1_R2_REASONING_SUBMIT_P4,,4,too_much_detail,2026-07-13T00:12:42.781256,2026-07-12T20:12:42.781256-04:00,170422.5092268
109,S001,1,2,REASONING_PHASE,G1_R2_REASONING_SUBMIT_P5,,5,seemed_nervous,2026-07-13T00:12:45.475158,2026-07-12T20:12:45.475158-04:00,170425.2026729
110,S001,1,2,ROUND_END,G1_R2_ROUND_END,,,,2026-07-13T00:12:51.730020,2026-07-12T20:12:51.730020-04:00,170431.4568366
111,S001,1,2,SESSION_END,SESSION_END,,,,2026-07-13T00:13:01.935576,2026-07-12T20:13:01.935576-04:00,170441.6626402
112,S001,1,2,SESSION_END,P001_MEDIA_RECORDING_STOPPED,,1,"{""segment"": 1, ""note"": ""Recorder stop requested""}",2026-07-13T00:13:02.470615,2026-07-12T20:13:02.470615-04:00,170442.1973691
113,S001,1,2,SESSION_END,P001_MEDIA_UPLOAD_COMPLETED,,1,"{""session_id"": ""S001"", ""participant_id"": ""P001"", ""segment"": 1, ""filename"": ""P001_S001_audio_only_part01.webm"", ""media_kind"": ""audio_only"", ""mime_type"": ""audio/webm;codecs=opus"", ""camera_label"": ""PC-LM1E (0c45:636d)"", ""microphone_label"": ""Microphone Array on SoundWire Device (3- Cirrus Logic XU)"", ""size_bytes"": 4665858, ""started_utc"": ""2026-07-13T00:08:12.970Z"", ""ended_utc"": ""2026-07-13T00:13:02.488Z"", ""received_utc"": ""2026-07-13T00:13:02.515462""}",2026-07-13T00:13:02.517472,2026-07-12T20:13:02.517472-04:00,170442.2442207
114,S001,1,2,SESSION_END,P001_MEDIA_UPLOAD_COMPLETED,,1,"{""session_id"": ""S001"", ""participant_id"": ""P001"", ""segment"": 1, ""filename"": ""P001_S001_camera_audio_part01.webm"", ""media_kind"": ""camera_audio"", ""mime_type"": ""video/webm;codecs=vp8,opus"", ""camera_label"": ""PC-LM1E (0c45:636d)"", ""microphone_label"": ""Microphone Array on SoundWire Device (3- Cirrus Logic XU)"", ""size_bytes"": 89493210, ""started_utc"": ""2026-07-13T00:08:12.970Z"", ""ended_utc"": ""2026-07-13T00:13:02.481Z"", ""received_utc"": ""2026-07-13T00:13:02.779257""}",2026-07-13T00:13:02.780262,2026-07-12T20:13:02.780262-04:00,170442.5077469
115,S001,1,2,SESSION_END,FORCE_SESSION_END,,,moderator decision: media test,2026-07-13T00:13:19.430346,2026-07-12T20:13:19.430346-04:00,170459.1574174
116,S001,1,2,SESSION_END,P2_DISCONNECTED,,2,last_seen_age_sec=5.2,2026-07-13T00:13:43.513216,2026-07-12T20:13:43.513216-04:00,170483.2404246
117,S001,1,2,SESSION_END,P2_DISCONNECTED,,2,last_seen_age_sec=5.2,2026-07-13T00:13:43.514216,2026-07-12T20:13:43.514216-04:00,170483.2409765
118,S001,1,2,SESSION_END,P3_DISCONNECTED,,3,last_seen_age_sec=6.2,2026-07-13T00:13:46.516265,2026-07-12T20:13:46.516265-04:00,170486.2427987
119,S001,1,2,SESSION_END,P3_DISCONNECTED,,3,last_seen_age_sec=6.2,2026-07-13T00:13:46.517266,2026-07-12T20:13:46.517266-04:00,170486.2443891
120,S001,1,2,SESSION_END,P4_DISCONNECTED,,4,last_seen_age_sec=6.2,2026-07-13T00:13:49.516344,2026-07-12T20:13:49.516344-04:00,170489.2435423
121,S001,1,2,SESSION_END,P4_RECONNECTED,,4,phase=SESSION_END,2026-07-13T00:14:20.297888,2026-07-12T20:14:20.297888-04:00,170520.0243702
122,S001,1,2,SESSION_END,P2_RECONNECTED,,2,phase=SESSION_END,2026-07-13T00:14:20.289388,2026-07-12T20:14:20.289388-04:00,170520.0160277
123,S001,1,2,SESSION_END,P3_RECONNECTED,,3,phase=SESSION_END,2026-07-13T00:14:20.336609,2026-07-12T20:14:20.336609-04:00,170520.0635522
124,S001,1,2,SESSION_END,P2_DISCONNECTED,,2,last_seen_age_sec=5.2,2026-07-13T00:14:25.512567,2026-07-12T20:14:25.512567-04:00,170525.2393729
125,S001,1,2,SESSION_END,P3_DISCONNECTED,,3,last_seen_age_sec=5.2,2026-07-13T00:14:25.534379,2026-07-12T20:14:25.534379-04:00,170525.2613843
126,S001,1,2,SESSION_END,P4_DISCONNECTED,,4,last_seen_age_sec=5.2,2026-07-13T00:14:25.540210,2026-07-12T20:14:25.540210-04:00,170525.2675581
127,S001,1,2,SESSION_END,P2_DISCONNECTED,,2,last_seen_age_sec=5.2,2026-07-13T00:14:25.512567,2026-07-12T20:14:25.512567-04:00,170525.2399424
128,S001,1,2,SESSION_END,P3_RECONNECTED,,3,phase=SESSION_END,2026-07-13T00:15:20.296323,2026-07-12T20:15:20.296323-04:00,170580.0237321
129,S001,1,2,SESSION_END,P4_RECONNECTED,,4,phase=SESSION_END,2026-07-13T00:15:20.315892,2026-07-12T20:15:20.315892-04:00,170580.0428117
130,S001,1,2,SESSION_END,P2_RECONNECTED,,2,phase=SESSION_END,2026-07-13T00:15:20.329307,2026-07-12T20:15:20.329307-04:00,170580.0560607
131,S001,1,2,SESSION_END,P2_DISCONNECTED,,2,last_seen_age_sec=5.2,2026-07-13T00:15:25.513145,2026-07-12T20:15:25.513145-04:00,170585.2404872
132,S001,1,2,SESSION_END,P3_DISCONNECTED,,3,last_seen_age_sec=5.2,2026-07-13T00:15:25.537374,2026-07-12T20:15:25.537374-04:00,170585.2646553
133,S001,1,2,SESSION_END,P4_DISCONNECTED,,4,last_seen_age_sec=5.2,2026-07-13T00:15:25.542467,2026-07-12T20:15:25.542467-04:00,170585.2699485
134,S001,1,2,SESSION_END,P2_DISCONNECTED,,2,last_seen_age_sec=5.2,2026-07-13T00:15:25.514146,2026-07-12T20:15:25.514146-04:00,170585.2417255
135,S001,1,2,SESSION_END,P2_RECONNECTED,,2,phase=SESSION_END,2026-07-13T00:16:20.299165,2026-07-12T20:16:20.299165-04:00,170640.0259264
136,S001,1,2,SESSION_END,P4_RECONNECTED,,4,phase=SESSION_END,2026-07-13T00:16:20.320149,2026-07-12T20:16:20.320149-04:00,170640.0468229
137,S001,1,2,SESSION_END,P3_RECONNECTED,,3,phase=SESSION_END,2026-07-13T00:16:20.315625,2026-07-12T20:16:20.315625-04:00,170640.0426752
138,S001,1,2,SESSION_END,P2_DISCONNECTED,,2,last_seen_age_sec=5.2,2026-07-13T00:16:25.518262,2026-07-12T20:16:25.518262-04:00,170645.2451449
139,S001,1,2,SESSION_END,P3_DISCONNECTED,,3,last_seen_age_sec=5.2,2026-07-13T00:16:25.536772,2026-07-12T20:16:25.536772-04:00,170645.2642031
140,S001,1,2,SESSION_END,P4_DISCONNECTED,,4,last_seen_age_sec=5.2,2026-07-13T00:16:25.544601,2026-07-12T20:16:25.544601-04:00,170645.2719225
141,S001,1,2,SESSION_END,P2_DISCONNECTED,,2,last_seen_age_sec=5.2,2026-07-13T00:16:25.520426,2026-07-12T20:16:25.520426-04:00,170645.2478905
142,S001,1,2,SESSION_END,P2_RECONNECTED,,2,phase=SESSION_END,2026-07-13T00:17:20.292861,2026-07-12T20:17:20.292861-04:00,170700.0194678
143,S001,1,2,SESSION_END,P3_RECONNECTED,,3,phase=SESSION_END,2026-07-13T00:17:20.311898,2026-07-12T20:17:20.311898-04:00,170700.0389564
144,S001,1,2,SESSION_END,P4_RECONNECTED,,4,phase=SESSION_END,2026-07-13T00:17:20.326418,2026-07-12T20:17:20.326418-04:00,170700.0533114
145,S001,1,2,SESSION_END,P2_DISCONNECTED,,2,last_seen_age_sec=5.2,2026-07-13T00:17:25.519083,2026-07-12T20:17:25.519083-04:00,170705.2459017
146,S001,1,2,SESSION_END,P3_DISCONNECTED,,3,last_seen_age_sec=5.2,2026-07-13T00:17:25.531415,2026-07-12T20:17:25.531415-04:00,170705.2585059
147,S001,1,2,SESSION_END,P4_DISCONNECTED,,4,last_seen_age_sec=5.2,2026-07-13T00:17:25.538108,2026-07-12T20:17:25.538108-04:00,170705.2652777
148,S001,1,2,SESSION_END,P2_DISCONNECTED,,2,last_seen_age_sec=5.2,2026-07-13T00:17:25.519083,2026-07-12T20:17:25.519083-04:00,170705.2464244
149,S001,1,2,SESSION_END,P3_RECONNECTED,,3,phase=SESSION_END,2026-07-13T00:18:20.292507,2026-07-12T20:18:20.292507-04:00,170760.0195692
150,S001,1,2,SESSION_END,P2_RECONNECTED,,2,phase=SESSION_END,2026-07-13T00:18:20.322973,2026-07-12T20:18:20.322973-04:00,170760.049687
151,S001,1,2,SESSION_END,P4_RECONNECTED,,4,phase=SESSION_END,2026-07-13T00:18:20.340179,2026-07-12T20:18:20.340179-04:00,170760.0672474
152,S001,1,2,SESSION_END,P2_DISCONNECTED,,2,last_seen_age_sec=5.2,2026-07-13T00:18:25.521088,2026-07-12T20:18:25.521088-04:00,170765.2480641
153,S001,1,2,SESSION_END,P2_DISCONNECTED,,2,last_seen_age_sec=5.2,2026-07-13T00:18:25.521088,2026-07-12T20:18:25.521088-04:00,170765.2489003
154,S001,1,2,SESSION_END,P3_DISCONNECTED,,3,last_seen_age_sec=5.2,2026-07-13T00:18:25.550127,2026-07-12T20:18:25.550127-04:00,170765.2767626
155,S001,1,2,SESSION_END,P4_DISCONNECTED,,4,last_seen_age_sec=5.2,2026-07-13T00:18:25.556127,2026-07-12T20:18:25.556127-04:00,170765.2830048
156,S001,1,2,SESSION_END,P3_DISCONNECTED,,3,last_seen_age_sec=5.2,2026-07-13T00:18:25.533093,2026-07-12T20:18:25.533093-04:00,170765.2598464
157,S001,1,2,SESSION_END,P2_RECONNECTED,,2,phase=SESSION_END,2026-07-13T00:19:20.324537,2026-07-12T20:19:20.324537-04:00,170820.0512865
158,S001,1,2,SESSION_END,P3_RECONNECTED,,3,phase=SESSION_END,2026-07-13T00:19:20.300833,2026-07-12T20:19:20.300833-04:00,170820.0283145
159,S001,1,2,SESSION_END,P4_RECONNECTED,,4,phase=SESSION_END,2026-07-13T00:19:20.369347,2026-07-12T20:19:20.369347-04:00,170820.0960801
160,S001,1,2,SESSION_END,P2_DISCONNECTED,,2,last_seen_age_sec=5.2,2026-07-13T00:19:25.520328,2026-07-12T20:19:25.520328-04:00,170825.2470277
161,S001,1,2,SESSION_END,P3_DISCONNECTED,,3,last_seen_age_sec=5.2,2026-07-13T00:19:25.535771,2026-07-12T20:19:25.535771-04:00,170825.2629381
162,S001,1,2,SESSION_END,P4_DISCONNECTED,,4,last_seen_age_sec=5.2,2026-07-13T00:19:25.541768,2026-07-12T20:19:25.541768-04:00,170825.2684785
163,S001,1,2,SESSION_END,P2_DISCONNECTED,,2,last_seen_age_sec=5.2,2026-07-13T00:19:25.523725,2026-07-12T20:19:25.523725-04:00,170825.2503534
164,S001,1,2,SESSION_END,P4_RECONNECTED,,4,phase=SESSION_END,2026-07-13T00:20:20.305282,2026-07-12T20:20:20.305282-04:00,170880.0329303
165,S001,1,2,SESSION_END,P3_RECONNECTED,,3,phase=SESSION_END,2026-07-13T00:20:20.311060,2026-07-12T20:20:20.311060-04:00,170880.0378314
166,S001,1,2,SESSION_END,P2_RECONNECTED,,2,phase=SESSION_END,2026-07-13T00:20:20.328261,2026-07-12T20:20:20.328261-04:00,170880.0550393
167,S001,1,2,SESSION_END,P2_DISCONNECTED,,2,last_seen_age_sec=5.2,2026-07-13T00:20:25.517381,2026-07-12T20:20:25.517381-04:00,170885.2447111
168,S001,1,2,SESSION_END,P2_DISCONNECTED,,2,last_seen_age_sec=5.2,2026-07-13T00:20:25.518388,2026-07-12T20:20:25.518388-04:00,170885.2452554
169,S001,1,2,SESSION_END,P3_DISCONNECTED,,3,last_seen_age_sec=5.2,2026-07-13T00:20:25.539648,2026-07-12T20:20:25.539648-04:00,170885.2675002
170,S001,1,2,SESSION_END,P3_DISCONNECTED,,3,last_seen_age_sec=5.2,2026-07-13T00:20:25.541119,2026-07-12T20:20:25.541119-04:00,170885.2682657
171,S001,1,2,SESSION_END,P4_DISCONNECTED,,4,last_seen_age_sec=5.2,2026-07-13T00:20:25.553731,2026-07-12T20:20:25.553731-04:00,170885.2807093
172,S001,1,2,SESSION_END,P4_DISCONNECTED,,4,last_seen_age_sec=5.2,2026-07-13T00:20:25.554733,2026-07-12T20:20:25.554733-04:00,170885.2812504
173,S001,1,1,WAITING,P5_DISCONNECTED,,5,last_seen_age_sec=1201.7,2026-07-13T00:40:40.673037,2026-07-12T20:40:40.673037-04:00,172100.4189
174,S001,1,1,WAITING,P5_DISCONNECTED,,5,last_seen_age_sec=1201.7,2026-07-13T00:40:40.673512,2026-07-12T20:40:40.673512-04:00,172100.4189992
175,S001,1,1,WAITING,P2_RECONNECTED,,2,phase=WAITING,2026-07-13T00:41:19.277284,2026-07-12T20:41:19.277284-04:00,172139.0037813
176,S001,1,1,WAITING,P3_RECONNECTED,,3,phase=WAITING,2026-07-13T00:41:23.052151,2026-07-12T20:41:23.052151-04:00,172142.7786397
177,S001,1,1,WAITING,P4_RECONNECTED,,4,phase=WAITING,2026-07-13T00:41:31.870849,2026-07-12T20:41:31.870849-04:00,172151.5973305
178,S001,1,1,WAITING,P5_RECONNECTED,,5,phase=WAITING,2026-07-13T00:41:39.191821,2026-07-12T20:41:39.191821-04:00,172158.9183015
179,S001,1,1,WAITING,P001_MEDIA_READY,,1,"{""segment"": 0, ""note"": ""{\""camera\"":\""PC-LM1E (0c45:636d)\"",\""microphone\"":\""Default - Microphone (PC-LM1E) (0c45:636d)\"",\""audio_tracks\"":1,\""video_tracks\"":1}""}",2026-07-13T00:41:59.691175,2026-07-12T20:41:59.691175-04:00,172179.4176581
180,S001,1,1,WAITING,P001_MEDIA_READY,,1,"{""segment"": 0, ""note"": ""{\""camera\"":\""PC-LM1E (0c45:636d)\"",\""microphone\"":\""Default - Microphone (PC-LM1E) (0c45:636d)\"",\""audio_tracks\"":1,\""video_tracks\"":1}""}",2026-07-13T00:42:19.992212,2026-07-12T20:42:19.992212-04:00,172199.7186967
181,S001,1,1,WAITING,P3_DISCONNECTED,,3,last_seen_age_sec=6.0,2026-07-13T00:42:29.343069,2026-07-12T20:42:29.343069-04:00,172209.0695757
182,S001,1,1,WAITING,P3_DISCONNECTED,,3,last_seen_age_sec=6.0,2026-07-13T00:42:29.341796,2026-07-12T20:42:29.341796-04:00,172209.0683012
183,S001,1,1,WAITING,P4_DISCONNECTED,,4,last_seen_age_sec=6.0,2026-07-13T00:42:38.335340,2026-07-12T20:42:38.335340-04:00,172218.0618354
184,S001,1,1,WAITING,P4_DISCONNECTED,,4,last_seen_age_sec=6.0,2026-07-13T00:42:38.336817,2026-07-12T20:42:38.336817-04:00,172218.0633141
185,S001,1,1,WAITING,P001_MEDIA_READY,,1,"{""segment"": 0, ""note"": ""{\""camera\"":\""PC-LM1E (0c45:636d)\"",\""microphone\"":\""Default - Microphone (ZR USB Audio) (001f:0b21)\"",\""audio_tracks\"":1,\""video_tracks\"":1}""}",2026-07-13T00:42:44.797657,2026-07-12T20:42:44.797657-04:00,172224.5241458
186,S001,1,1,WAITING,P3_RECONNECTED,,3,phase=WAITING,2026-07-13T00:43:20.316448,2026-07-12T20:43:20.316448-04:00,172260.0429428
187,S001,1,1,WAITING,P4_RECONNECTED,,4,phase=WAITING,2026-07-13T00:43:20.347677,2026-07-12T20:43:20.347677-04:00,172260.0741694
188,S001,1,1,WAITING,P4_DISCONNECTED,,4,last_seen_age_sec=48.0,2026-07-13T00:43:20.362404,2026-07-12T20:43:20.362404-04:00,172260.0888911
189,S001,1,1,WAITING,P4_DISCONNECTED,,4,last_seen_age_sec=48.0,2026-07-13T00:43:20.361611,2026-07-12T20:43:20.361611-04:00,172260.0881074
190,S001,1,1,WAITING,P5_DISCONNECTED,,5,last_seen_age_sec=60.0,2026-07-13T00:44:20.361011,2026-07-12T20:44:20.361011-04:00,172320.0875327
191,S001,1,1,WAITING,P4_RECONNECTED,,4,phase=WAITING,2026-07-13T00:44:20.417373,2026-07-12T20:44:20.417373-04:00,172320.1438712
192,S001,1,1,WAITING,P001_MEDIA_READY,,1,"{""segment"": 0, ""note"": ""{\""camera\"":\""PC-LM1E (0c45:636d)\"",\""microphone\"":\""Microphone Array on SoundWire Device (3- Cirrus Logic XU)\"",\""audio_tracks\"":1,\""video_tracks\"":1}""}",2026-07-13T00:44:28.888239,2026-07-12T20:44:28.888239-04:00,172328.6147329
193,S001,1,1,WAITING,P3_DISCONNECTED,,3,last_seen_age_sec=22.7,2026-07-13T00:44:42.991887,2026-07-12T20:44:42.991887-04:00,172342.7183999
194,S001,1,1,WAITING,P4_DISCONNECTED,,4,last_seen_age_sec=22.6,2026-07-13T00:44:43.005991,2026-07-12T20:44:43.005991-04:00,172342.7325097
195,S001,1,1,WAITING,P4_DISCONNECTED,,4,last_seen_age_sec=22.6,2026-07-13T00:44:43.010527,2026-07-12T20:44:43.010527-04:00,172342.737009
196,S001,1,1,WAITING,P3_RECONNECTED,,3,phase=WAITING,2026-07-13T00:44:56.674464,2026-07-12T20:44:56.674464-04:00,172356.4009971
197,S001,1,1,WAITING,P4_RECONNECTED,,4,phase=WAITING,2026-07-13T00:44:57.668305,2026-07-12T20:44:57.668305-04:00,172357.3948021
198,S001,1,1,WAITING,P5_RECONNECTED,,5,phase=WAITING,2026-07-13T00:44:58.375822,2026-07-12T20:44:58.375822-04:00,172358.1023199
199,S001,1,1,SESSION_START,SESSION_START,,,,2026-07-13T00:45:10.325410,2026-07-12T20:45:10.325410-04:00,172370.0519014
200,S001,1,1,SESSION_START,P001_MEDIA_RECORDING_STARTED,,1,"{""segment"": 1, ""note"": ""{\""video_mime\"":\""video/webm;codecs=vp8,opus\"",\""audio_mime\"":\""audio/webm;codecs=opus\"",\""audio_tracks\"":1,\""video_tracks\"":1,\""microphone\"":\""Microphone Array on SoundWire Device (3- Cirrus Logic XU)\""}""}",2026-07-13T00:45:10.429773,2026-07-12T20:45:10.429773-04:00,172370.1562604
201,S001,1,1,SESSION_START,P5_DISCONNECTED,,5,last_seen_age_sec=5.8,2026-07-13T00:46:06.078997,2026-07-12T20:46:06.078997-04:00,172425.8054852
202,S001,1,1,SESSION_START,P5_DISCONNECTED,,5,last_seen_age_sec=5.8,2026-07-13T00:46:06.080054,2026-07-12T20:46:06.080054-04:00,172425.8065616
203,S001,1,1,SESSION_START,P2_DISCONNECTED,,2,last_seen_age_sec=5.3,2026-07-13T00:46:07.594725,2026-07-12T20:46:07.594725-04:00,172427.3212095
204,S001,1,1,SESSION_START,P2_DISCONNECTED,,2,last_seen_age_sec=5.3,2026-07-13T00:46:07.596165,2026-07-12T20:46:07.596165-04:00,172427.3226645
205,S001,1,1,SESSION_START,P3_DISCONNECTED,,3,last_seen_age_sec=6.3,2026-07-13T00:46:10.583670,2026-07-12T20:46:10.583670-04:00,172430.3101571
206,S001,1,1,SESSION_START,P3_DISCONNECTED,,3,last_seen_age_sec=6.3,2026-07-13T00:46:10.586218,2026-07-12T20:46:10.586218-04:00,172430.3126975
207,S001,1,1,SESSION_START,P5_RECONNECTED,,5,phase=SESSION_START,2026-07-13T00:46:20.293328,2026-07-12T20:46:20.293328-04:00,172440.0198124
208,S001,1,1,SESSION_START,P2_RECONNECTED,,2,phase=SESSION_START,2026-07-13T00:46:20.340475,2026-07-12T20:46:20.340475-04:00,172440.0669685
209,S001,1,1,SESSION_START,P3_RECONNECTED,,3,phase=SESSION_START,2026-07-13T00:46:20.320991,2026-07-12T20:46:20.320991-04:00,172440.0475133
210,S001,1,1,SESSION_START,P2_DISCONNECTED,,2,last_seen_age_sec=5.3,2026-07-13T00:46:25.578419,2026-07-12T20:46:25.578419-04:00,172445.3049044
211,S001,1,1,SESSION_START,P3_DISCONNECTED,,3,last_seen_age_sec=5.3,2026-07-13T00:46:25.599792,2026-07-12T20:46:25.599792-04:00,172445.3262764
212,S001,1,1,SESSION_START,P5_DISCONNECTED,,5,last_seen_age_sec=5.3,2026-07-13T00:46:25.608943,2026-07-12T20:46:25.608943-04:00,172445.3354299
213,S001,1,1,SESSION_START,P2_DISCONNECTED,,2,last_seen_age_sec=5.3,2026-07-13T00:46:25.579142,2026-07-12T20:46:25.579142-04:00,172445.3056166
271,S001,1,1,WAITING,P1_DISCONNECTED,,1,last_seen_age_sec=65716.0,2026-07-13T19:01:57.174799,2026-07-13T15:01:57.174799-04:00,238181.2357854
272,S001,1,1,WAITING,P4_DISCONNECTED,,4,last_seen_age_sec=65716.1,2026-07-13T19:01:57.226179,2026-07-13T15:01:57.226179-04:00,238181.2584644
273,S001,1,1,WAITING,P1_DISCONNECTED,,1,last_seen_age_sec=65716.1,2026-07-13T19:01:57.195150,2026-07-13T15:01:57.195150-04:00,238181.2357436
282,S001,1,1,WAITING,P2_RECONNECTED,,2,phase=WAITING,2026-07-20T20:06:55.544956,2026-07-20T16:06:55.544956-04:00,600424.8592342
283,S001,1,1,WAITING,P3_RECONNECTED,,3,phase=WAITING,2026-07-20T20:07:01.158282,2026-07-20T16:07:01.158282-04:00,600430.4614851
284,S001,1,1,WAITING,P4_RECONNECTED,,4,phase=WAITING,2026-07-20T20:07:13.535033,2026-07-20T16:07:13.535033-04:00,600442.8382366
285,S001,1,1,WAITING,P1_RECONNECTED,,1,phase=WAITING,2026-07-20T20:07:20.296245,2026-07-20T16:07:20.296245-04:00,600449.5994514
286,S001,1,1,WAITING,P5_RECONNECTED,,5,phase=WAITING,2026-07-20T20:07:54.859363,2026-07-20T16:07:54.859363-04:00,600484.1625636
287,S001,1,1,SESSION_START,SESSION_START,,,,2026-07-20T20:08:00.352206,2026-07-20T16:08:00.352206-04:00,600489.655431
288,S001,1,1,SESSION_END,SESSION_END,,,,2026-07-20T20:08:26.929217,2026-07-20T16:08:26.929217-04:00,600516.2324196
521,S001,1,1,WAITING,P1_DISCONNECTED,,1,last_seen_age_sec=59589.1,2026-07-21T12:41:46.822022,2026-07-21T08:41:46.822022-04:00,660119.510632
522,S001,1,1,WAITING,P2_DISCONNECTED,,2,last_seen_age_sec=59589.1,2026-07-21T12:41:46.866259,2026-07-21T08:41:46.866259-04:00,660119.5293901
523,S001,1,1,WAITING,P3_DISCONNECTED,,3,last_seen_age_sec=59589.1,2026-07-21T12:41:46.873824,2026-07-21T08:41:46.873824-04:00,660119.5369274
524,S001,1,1,WAITING,P4_DISCONNECTED,,4,last_seen_age_sec=59589.1,2026-07-21T12:41:46.883874,2026-07-21T08:41:46.883874-04:00,660119.5470051
525,S001,1,1,WAITING,P5_DISCONNECTED,,5,last_seen_age_sec=59589.1,2026-07-21T12:41:46.908768,2026-07-21T08:41:46.908768-04:00,660119.571894
526,S001,1,1,WAITING,P1_DISCONNECTED,,1,last_seen_age_sec=59589.1,2026-07-21T12:41:46.842174,2026-07-21T08:41:46.842174-04:00,660119.5106979
527,S001,1,1,WAITING,FORCE_SESSION_END,,,moderator decision: new modrator platform check,2026-07-21T12:42:59.720351,2026-07-21T08:42:59.720351-04:00,660192.3834621
528,S001,1,1,SESSION_END,SESSION_END,,,,2026-08-24T17:20:35.858386,2026-08-24T13:20:35.858386-04:00,4327.7987126
529,S001,1,1,SESSION_END,FORCE_SESSION_END,,,moderator decision: test,2026-08-24T17:24:50.451995,2026-08-24T13:24:50.451995-04:00,4582.3655012
536,S001,1,1,WAITING,FORCE_SESSION_END,,,moderator decision,2026-08-26T18:23:28.178767,2026-08-26T14:23:28.178767-04:00,19359.0672019
